no,waktu,berkas_foto,plat_hasil_ocr,plat_sebenarnya_ISI_MANUAL,benar_1_salah_0,tipe_energi_sistem,tipe_energi_sebenarnya_ISI_MANUAL,confidence
1,09:09:30,20260803_090930_mobil_bensin_49c2d511.jpg,B 1083 FIS,,,bensin,,0.92
2,09:14:32,20260803_091432_mobil_bensin_0895e3ac.jpg,D 1121 VCX,,,bensin,,0.75
3,09:16:42,20260803_091642_mobil_bensin_9969b7e2.jpg,K 1578 IA,,,bensin,,0.51
4,09:18:42,20260803_091842_mobil_bensin_156f1bf9.jpg,A 1712 WH,,,bensin,,0.52
5,09:22:17,20260803_092217_mobil_bensin_36594fa1.jpg,D 1200 GVA,,,bensin,,0.42
6,09:25:35,20260803_092535_mobil_bensin_a3130b3e.jpg,A 1226 SC,,,bensin,,0.42
7,09:28:10,20260803_092810_mobil_bensin_67db2e16.jpg,D 1385 AIT,,,bensin,,0.41
8,09:34:03,20260803_093403_mobil_bensin_85e3b6a1.jpg,D 1153 UAJ,,,bensin,,0.93
9,09:35:56,20260803_093556_mobil_bensin_e806e8a0.jpg,B 1981 SIF,,,bensin,,0.80
10,09:37:50,20260803_093750_mobil_bensin_b7d6a667.jpg,B 1065 KOP,,,bensin,,0.90
11,09:39:37,20260803_093937_mobil_bensin_d7b58e38.jpg,F 1069 FAP,,,bensin,,0.43
12,09:41:54,20260803_094154_mobil_bensin_de5f28b2.jpg,D 1055 ACO,,,bensin,,0.41
13,09:44:55,20260803_094455_mobil_bensin_603a705b.jpg,D 1505 OO,,,bensin,,0.52
14,09:46:10,20260803_094610_mobil_bensin_c6cd0cdd.jpg,D 1895 AJB,,,bensin,,0.50
15,09:47:47,20260803_094747_mobil_bensin_2314df6e.jpg,BE 1017 BS,,,bensin,,0.61
16,09:49:08,20260803_094908_mobil_bensin_1becc1cb.jpg,T 1090 DK,,,bensin,,0.81
17,09:52:16,20260803_095216_mobil_bensin_55a1bac7.jpg,B 1531 DYS,,,bensin,,0.57
18,09:53:45,20260803_095345_mobil_bensin_3ea85dce.jpg,KB 1113 GC,,,bensin,,0.88
19,09:55:00,20260803_095500_mobil_bensin_430efd2a.jpg,B 1236 UYE,,,bensin,,0.65
20,09:57:14,20260803_095714_mobil_bensin_48c332db.jpg,D 1503 LX,,,bensin,,0.69
21,09:59:19,20260803_095919_mobil_bensin_d32a2acb.jpg,D 1626 VDE,,,bensin,,0.91
22,10:03:54,20260803_100354_mobil_bensin_5808a6fc.jpg,BK 123 ADM,,,bensin,,0.51
23,10:05:07,20260803_100507_mobil_bensin_febb5e29.jpg,B 2863 KBA,,,bensin,,0.50
24,10:07:07,20260803_100707_mobil_bensin_094ebee0.jpg,F 1488 BN,,,bensin,,0.45
25,10:08:34,20260803_100834_mobil_bensin_ee94c7ce.jpg,D 1047 NW,,,bensin,,0.59
26,10:10:08,20260803_101008_mobil_bensin_3e5405ca.jpg,D 1898 AKD,,,bensin,,0.44
27,10:11:16,20260803_101116_mobil_bensin_172852b3.jpg,D 1321 PJ,,,bensin,,0.65
28,10:12:57,20260803_101257_mobil_bensin_31f823e5.jpg,D 1140 AIJ,,,bensin,,0.56
29,10:15:42,20260803_101542_mobil_bensin_51468577.jpg,D 1129 BL,,,bensin,,0.59
30,10:19:05,20260803_101905_mobil_bensin_e4b22b85.jpg,B 1416 RZW,,,bensin,,0.70
31,10:20:12,20260803_102012_mobil_bensin_f3b89c31.jpg,D 1024 AER,,,bensin,,0.71
32,10:23:29,20260803_102329_mobil_bensin_c7138ac8.jpg,D 1698 BH,,,bensin,,0.45
33,10:26:06,20260803_102606_mobil_bensin_29b74c80.jpg,D 1882 AHR,,,bensin,,0.54
34,10:32:07,20260803_103207_mobil_bensin_7f602980.jpg,BK 1450 AAH,,,bensin,,0.69
35,10:34:03,20260803_103403_mobil_bensin_2c2c1a48.jpg,D 1337 AGY,,,bensin,,0.42
36,10:36:40,20260803_103640_mobil_bensin_4d697323.jpg,D 1591 AKD,,,bensin,,0.86
37,10:39:13,20260803_103913_mobil_bensin_8c4e8e6b.jpg,D 1882 AEQ,,,bensin,,0.54
38,10:40:39,20260803_104039_mobil_bensin_7862ee57.jpg,D 1625 SX,,,bensin,,0.89
39,10:42:24,20260803_104224_mobil_bensin_d5269a3a.jpg,N 1454 AKO,,,bensin,,0.41
40,10:44:22,20260803_104422_mobil_bensin_3e9313ae.jpg,B 447 FL,,,bensin,,0.41
41,10:46:57,20260803_104657_mobil_bensin_7f81fb56.jpg,D 1684 YII,,,bensin,,0.76
42,10:49:31,20260803_104931_mobil_bensin_e9f027f7.jpg,D 1536 AFX,,,bensin,,0.90
43,10:51:52,20260803_105152_mobil_bensin_4ab6a6d1.jpg,D 1367 YCX,,,bensin,,0.41
44,10:55:52,20260803_105552_mobil_bensin_f887254c.jpg,Z 1715 TD,,,bensin,,0.49
45,11:00:52,20260803_110052_mobil_bensin_9ae536ae.jpg,B 1127 HOC,,,bensin,,0.59
46,11:04:17,20260803_110417_mobil_bensin_1f967604.jpg,B 1293 TOT,,,bensin,,0.80
47,11:06:02,20260803_110602_mobil_bensin_c53cc006.jpg,F 1605 AA,,,bensin,,0.45
48,11:11:11,20260803_111111_mobil_bensin_5212ec3a.jpg,D 1892 UY,,,bensin,,0.68
49,11:17:29,20260803_111729_mobil_bensin_a9b840e6.jpg,B 37 O,,,bensin,,0.48
50,11:19:20,20260803_111920_mobil_bensin_0501a3a4.jpg,D 1529 JB,,,bensin,,0.52
51,11:24:51,20260803_112451_mobil_bensin_1a3bdac5.jpg,A 1159 SA,,,bensin,,0.47
52,11:26:17,20260803_112617_mobil_bensin_2746b614.jpg,D 1660 SAM,,,bensin,,0.68
